menu,profile,width,height,overflow,loading,navigation_error,screenshot
overview,small,320,568,false,true,"",evidence/carina-overview-small.png
overview,portrait,390,844,false,false,"",evidence/carina-overview-portrait.png
overview,landscape,844,390,false,false,"",evidence/carina-overview-landscape.png
overview,wide-landscape,932,430,false,false,"",evidence/carina-overview-wide-landscape.png
overview,tablet,768,1024,false,false,"",evidence/carina-overview-tablet.png
overview,tablet-landscape,1024,768,false,false,"",evidence/carina-overview-tablet-landscape.png
overview,desktop,1920,1080,false,false,"",evidence/carina-overview-desktop.png
billing,small,320,568,false,false,"",evidence/carina-billing-small.png
billing,portrait,390,844,false,false,"",evidence/carina-billing-portrait.png
billing,landscape,844,390,false,false,"",evidence/carina-billing-landscape.png
billing,wide-landscape,932,430,false,false,"",evidence/carina-billing-wide-landscape.png
billing,tablet,768,1024,false,false,"",evidence/carina-billing-tablet.png
billing,tablet-landscape,1024,768,false,false,"",evidence/carina-billing-tablet-landscape.png
billing,desktop,1920,1080,false,false,"",evidence/carina-billing-desktop.png
professionals,small,320,568,false,false,"",evidence/carina-professionals-small.png
professionals,portrait,390,844,false,false,"",evidence/carina-professionals-portrait.png
professionals,landscape,844,390,false,false,"",evidence/carina-professionals-landscape.png
professionals,wide-landscape,932,430,false,false,"",evidence/carina-professionals-wide-landscape.png
professionals,tablet,768,1024,false,false,"",evidence/carina-professionals-tablet.png
professionals,tablet-landscape,1024,768,false,false,"",evidence/carina-professionals-tablet-landscape.png
professionals,desktop,1920,1080,false,false,"",evidence/carina-professionals-desktop.png
clients,small,320,568,false,true,"",evidence/carina-clients-small.png
clients,portrait,390,844,false,true,"",evidence/carina-clients-portrait.png
clients,landscape,844,390,false,true,"",evidence/carina-clients-landscape.png
clients,wide-landscape,932,430,false,true,"",evidence/carina-clients-wide-landscape.png
clients,tablet,768,1024,false,true,"",evidence/carina-clients-tablet.png
clients,tablet-landscape,1024,768,false,true,"",evidence/carina-clients-tablet-landscape.png
clients,desktop,1920,1080,false,true,"",evidence/carina-clients-desktop.png
retainers,small,320,568,false,false,"",evidence/carina-retainers-small.png
retainers,portrait,390,844,false,false,"",evidence/carina-retainers-portrait.png
retainers,landscape,844,390,false,false,"",evidence/carina-retainers-landscape.png
retainers,wide-landscape,932,430,false,false,"",evidence/carina-retainers-wide-landscape.png
retainers,tablet,768,1024,false,false,"",evidence/carina-retainers-tablet.png
retainers,tablet-landscape,1024,768,false,false,"",evidence/carina-retainers-tablet-landscape.png
retainers,desktop,1920,1080,false,false,"",evidence/carina-retainers-desktop.png
work,small,320,568,false,false,"",evidence/carina-work-small.png
work,portrait,390,844,false,false,"",evidence/carina-work-portrait.png
work,landscape,844,390,false,false,"",evidence/carina-work-landscape.png
work,wide-landscape,932,430,false,false,"",evidence/carina-work-wide-landscape.png
work,tablet,768,1024,false,false,"",evidence/carina-work-tablet.png
work,tablet-landscape,1024,768,false,false,"",evidence/carina-work-tablet-landscape.png
work,desktop,1920,1080,false,false,"",evidence/carina-work-desktop.png
debtors,small,320,568,false,false,"",evidence/carina-debtors-small.png
debtors,portrait,390,844,false,false,"",evidence/carina-debtors-portrait.png
debtors,landscape,844,390,false,false,"",evidence/carina-debtors-landscape.png
debtors,wide-landscape,932,430,false,false,"",evidence/carina-debtors-wide-landscape.png
debtors,tablet,768,1024,false,false,"",evidence/carina-debtors-tablet.png
debtors,tablet-landscape,1024,768,false,false,"",evidence/carina-debtors-tablet-landscape.png
debtors,desktop,1920,1080,false,false,"",evidence/carina-debtors-desktop.png
payments,small,320,568,false,false,"",evidence/carina-payments-small.png
payments,portrait,390,844,false,false,"",evidence/carina-payments-portrait.png
payments,landscape,844,390,false,false,"",evidence/carina-payments-landscape.png
payments,wide-landscape,932,430,false,false,"",evidence/carina-payments-wide-landscape.png
payments,tablet,768,1024,false,false,"",evidence/carina-payments-tablet.png
payments,tablet-landscape,1024,768,false,false,"",evidence/carina-payments-tablet-landscape.png
payments,desktop,1920,1080,false,false,"",evidence/carina-payments-desktop.png
provisions,small,320,568,false,true,"",evidence/carina-provisions-small.png
provisions,portrait,390,844,false,false,"",evidence/carina-provisions-portrait.png
provisions,landscape,844,390,false,false,"",evidence/carina-provisions-landscape.png
provisions,wide-landscape,932,430,false,false,"",evidence/carina-provisions-wide-landscape.png
provisions,tablet,768,1024,false,false,"",evidence/carina-provisions-tablet.png
provisions,tablet-landscape,1024,768,false,false,"",evidence/carina-provisions-tablet-landscape.png
provisions,desktop,1920,1080,false,false,"",evidence/carina-provisions-desktop.png
notes,small,320,568,false,false,"",evidence/carina-notes-small.png
notes,portrait,390,844,false,false,"",evidence/carina-notes-portrait.png
notes,landscape,844,390,false,false,"",evidence/carina-notes-landscape.png
notes,wide-landscape,932,430,false,false,"",evidence/carina-notes-wide-landscape.png
notes,tablet,768,1024,false,false,"",evidence/carina-notes-tablet.png
notes,tablet-landscape,1024,768,false,false,"",evidence/carina-notes-tablet-landscape.png
notes,desktop,1920,1080,false,false,"",evidence/carina-notes-desktop.png
master-data,small,320,568,false,true,"",evidence/carina-master-data-small.png
master-data,portrait,390,844,false,true,"",evidence/carina-master-data-portrait.png
master-data,landscape,844,390,false,true,"",evidence/carina-master-data-landscape.png
master-data,wide-landscape,932,430,false,false,"",evidence/carina-master-data-wide-landscape.png
master-data,tablet,768,1024,false,false,"",evidence/carina-master-data-tablet.png
master-data,tablet-landscape,1024,768,false,false,"",evidence/carina-master-data-tablet-landscape.png
master-data,desktop,1920,1080,false,false,"",evidence/carina-master-data-desktop.png
admin,small,320,568,false,false,"",evidence/carina-admin-small.png
admin,portrait,390,844,false,false,"",evidence/carina-admin-portrait.png
admin,landscape,844,390,false,false,"",evidence/carina-admin-landscape.png
admin,wide-landscape,932,430,false,false,"",evidence/carina-admin-wide-landscape.png
admin,tablet,768,1024,false,false,"",evidence/carina-admin-tablet.png
admin,tablet-landscape,1024,768,false,false,"",evidence/carina-admin-tablet-landscape.png
admin,desktop,1920,1080,false,false,"",evidence/carina-admin-desktop.png
admin-users,small,320,568,false,false,"",evidence/carina-admin-users-small.png
admin-users,portrait,390,844,false,false,"",evidence/carina-admin-users-portrait.png
admin-users,landscape,844,390,false,false,"",evidence/carina-admin-users-landscape.png
admin-users,wide-landscape,932,430,false,false,"",evidence/carina-admin-users-wide-landscape.png
admin-users,tablet,768,1024,false,false,"",evidence/carina-admin-users-tablet.png
admin-users,tablet-landscape,1024,768,false,false,"",evidence/carina-admin-users-tablet-landscape.png
admin-users,desktop,1920,1080,false,false,"",evidence/carina-admin-users-desktop.png
imports,small,320,568,false,false,"",evidence/carina-imports-small.png
imports,portrait,390,844,false,false,"",evidence/carina-imports-portrait.png
imports,landscape,844,390,false,false,"",evidence/carina-imports-landscape.png
imports,wide-landscape,932,430,false,false,"",evidence/carina-imports-wide-landscape.png
imports,tablet,768,1024,false,false,"",evidence/carina-imports-tablet.png
imports,tablet-landscape,1024,768,false,false,"",evidence/carina-imports-tablet-landscape.png
imports,desktop,1920,1080,false,false,"",evidence/carina-imports-desktop.png
import-review,small,320,568,false,false,"",evidence/carina-import-review-small.png
import-review,portrait,390,844,false,false,"",evidence/carina-import-review-portrait.png
import-review,landscape,844,390,false,false,"",evidence/carina-import-review-landscape.png
import-review,wide-landscape,932,430,false,false,"",evidence/carina-import-review-wide-landscape.png
import-review,tablet,768,1024,false,false,"",evidence/carina-import-review-tablet.png
import-review,tablet-landscape,1024,768,false,false,"",evidence/carina-import-review-tablet-landscape.png
import-review,desktop,1920,1080,false,false,"",evidence/carina-import-review-desktop.png
admin-access-logs,small,320,568,false,false,"",evidence/carina-admin-access-logs-small.png
admin-access-logs,portrait,390,844,false,false,"",evidence/carina-admin-access-logs-portrait.png
admin-access-logs,landscape,844,390,false,false,"",evidence/carina-admin-access-logs-landscape.png
admin-access-logs,wide-landscape,932,430,false,false,"",evidence/carina-admin-access-logs-wide-landscape.png
admin-access-logs,tablet,768,1024,false,false,"",evidence/carina-admin-access-logs-tablet.png
admin-access-logs,tablet-landscape,1024,768,false,false,"",evidence/carina-admin-access-logs-tablet-landscape.png
admin-access-logs,desktop,1920,1080,false,false,"",evidence/carina-admin-access-logs-desktop.png
